join_order;time_total;mem_peak
// Timestamp 2023-05-17T15:25:59
[11,9,8,2,4,3,10,0,1,6,7,5];59.738164534;
[11,9,8,2,4,3,10,0,1,6,7,5];59.778521840;
