join_order;time_total;mem_peak
// Timestamp 2023-05-17T15:27:22
[1,0,18,10,6,20,2,19,7,11,14,16,12,15,17,5,13,9,8,4,3];31.514069817;
[1,0,18,10,6,20,2,19,7,11,14,16,12,15,17,5,13,9,8,4,3];30.413741863;
