join_order;time_1;time_2;time_3;time_4;time_5;time_6;time_7;time_8;time_9;time_10;time_11;time_12;time_13;time_14;time_15
// Timestamp 2023-07-19T17:36:56
0,1,2;13.273435515;13.376310562;13.381929571;13.320742448;13.278778221;13.323285300;13.314844570;13.423968489;13.338152823;13.272281686;13.338135358;13.345204260;13.478160409;13.426755816;13.337200928
1,0,2;13.233867940;13.292231798;13.313523566;13.254083846;13.385019562;13.348791736;13.359254441;13.363203144;13.324693094;13.338745629;13.314666274;13.305413019;13.292622091;13.476399678;13.382627341
0,2,1;13.341347169;13.372639376;13.388146422;13.317347623;13.253978094;13.532980123;13.294346992;13.323516814;13.317449081;13.321545652;13.400262777;13.395273830;13.424863589;13.311561403;13.354023372
2,1,0;13.368470119;13.399960978;13.382286440;13.457368445;13.406269736;13.373470058;13.437843875;13.491792570;13.368890200;13.400885134;13.347230319;13.394210565;13.396560681;13.350886677;13.350665735
1,2,0;13.482128720;13.740301820;13.376829416;13.300001363;13.319444809;13.381200443;13.374641236;13.332756029;13.264936799;13.324820051;13.477548774;13.421492511;13.353859900;13.426126175;13.377692058
2,0,1;13.413494762;13.368884381;13.379027938;13.432664992;13.407589114;13.561301971;13.388613940;13.409087164;13.397729492;13.328657968;13.389105594;13.361399688;13.481703846;13.471842951;13.331276280
