join_order;time_1;time_2;time_3;time_4;time_5;time_6;time_7;time_8;time_9;time_10;time_11;time_12;time_13;time_14;time_15
// Timestamp 2023-07-12T16:27:37
0;11.128247498;5.710221058;5.828943939;5.731997387;5.771857577;5.954755284;6.020952329;5.914065753;5.739075133;5.691055039;6.400557861;6.059690084;5.788813563;5.875687050;5.642012948
