join_order;time_1;time_2;time_3;time_4;time_5;time_6;time_7;time_8;time_9;time_10;time_11;time_12;time_13;time_14;time_15
// Timestamp 2023-07-12T16:29:10
0;5.163262410;5.392844966;5.573549801;5.433370370;5.157051249;5.264418716;5.233901713;5.247655285;5.175578620;5.175901692;5.162078670;5.235723270;5.145609697;5.081346848;4.970841115
