join_order;time_1;time_2;time_3;time_4;time_5;time_6;time_7;time_8;time_9;time_10;time_11;time_12;time_13;time_14;time_15
// Timestamp 2023-07-12T16:30:29
0;5.079506969;5.484314565;5.168061154;5.160514189;5.062799537;5.517840786;5.252397321;5.164848901;5.264153354;5.171389662;5.210950235;5.323445547;5.127048046;5.252639398;5.290390405
