join_order;time_1;time_2;time_3;time_4;time_5;time_6;time_7;time_8;time_9;time_10;time_11;time_12;time_13;time_14;time_15
// Timestamp 2023-07-12T16:31:47
0,1,2;7.624418191;7.445135308;7.427847628;7.305027846;7.646249644;7.588851585;7.364309076;7.273386261;7.344834878;7.704388844;7.510757242;7.704940947;7.341908754;7.478015608;7.340547082
1,0,2;5.829376837;5.800896850;5.780151118;5.777154942;5.962806769;5.916208422;6.101135054;5.798377465;6.320373572;5.800595323;6.018805278;5.986908599;6.142959780;5.948484926;5.875337873
0,2,1;8.867752176;7.785033602;7.838997428;7.837439233;7.846688752;7.895615750;8.452378832;8.881699200;8.410034932;7.779182417;7.899096814;8.415763714;8.115218901;7.800432193;7.869411372
2,1,0;6.369194735;6.549871656;6.529524987;6.346372487;6.233494664;6.079153002;6.311427473;5.829698084;5.870980743;5.884921056;5.851862935;5.920320656;6.595519154;5.807056811;5.915313260
1,2,0;5.828275879;5.685813699;6.019412308;5.642278777;6.073451767;5.988119881;5.921360476;6.002570941;6.055004979;6.053382571;5.706386943;5.971423840;5.790155062;5.721613632;5.897343356
2,0,1;6.289140955;6.610410911;6.718361491;6.308749327;6.612519522;6.329789558;6.526024524;6.448262130;6.141041067;6.702211001;6.479504530;6.306472830;6.713457295;6.245784804;6.274811381
