join_order;time_1;time_2;time_3;time_4;time_5;time_6;time_7;time_8;time_9;time_10;time_11;time_12;time_13;time_14;time_15
// Timestamp 2023-09-07T11:48:05
// Args --manual-parse
0,1,2;5.721152097;5.799048908;4.168420613;4.446794881;5.715147595;5.752128424;4.099686117;4.712662651;5.668436795;5.702177567;4.382268987;4.474126609;5.794404778;4.436413466;4.072893505
1,0,2;4.676431773;3.499994767;5.722466000;5.372879153;4.409040363;5.657447322;4.332126625;4.328867565;3.995982449;4.234663934;5.728527608;4.965753199;3.492805562;3.971268414;4.290331024
0,2,1;5.795309132;4.155546239;5.801634206;4.618807637;4.138300655;5.826136209;5.446685953;5.040715733;4.399820623;5.448270610;5.372021070;5.726400437;5.479455127;5.767814827;5.776555707
2,1,0;3.933214726;3.678764114;4.011573503;3.788431114;5.646825873;5.424693943;4.311311804;4.229895621;4.059492459;5.415246299;4.342003090;4.011846991;4.027941436;4.661577424;4.253055320
1,2,0;3.423845375;5.645502758;4.202764327;4.323118897;4.119425250;5.693583641;5.740094562;5.691841138;5.669564455;5.693687411;4.734520924;4.098640976;5.701341668;5.698850153;4.478174147
2,0,1;4.604239884;5.379139345;4.322124468;5.565936042;4.911173586;3.663228446;5.709621449;5.644302379;5.409126892;4.630795413;4.423019309;5.030888947;4.396536074;4.336268511;5.765790836
